pku:002009,U/min
pku:002008,mosm/L
pku:002007,mmHg*min/L
pku:002006,mEq/min
pku:002005,L2/mEq/mmHg
pku:002004,L/min/mmHg
pku:002003,(L/L)
pku:002002,g/L
pku:002001,dimensionless
pku:001000,day*fg/mL
pku:001001,day*g/mL
pku:001002,day*kg/mL
pku:001003,day*mg/mL
pku:001004,day*mmol/mL
pku:001005,day*mol/mL
pku:001006,day*ng/mL
pku:001007,day*nmol/mL
pku:001008,day*pg/mL
pku:001009,day*pmol/mL
pku:001010,day*ug/mL
pku:001011,day*umol/mL
pku:001012,fg/mL
pku:001013,g/day
pku:001014,g/h
pku:001015,g/min
pku:001016,g/s
pku:001017,h*fg/mL
pku:001018,h*fmol/mL
pku:001019,h*g/mL
pku:001020,h*kg/mL
pku:001021,h*mg/L/mg
pku:001022,h*mg/mL
pku:001023,h*mmol/mL
pku:001024,h*mol/mL
pku:001025,h*ng/mL
pku:001026,h*ng/mL*kg
pku:001027,h*ng/mL/g
pku:001028,h*ng/mL/kg
pku:001029,h*ng/mL/mg
pku:001030,h*ng/mL/mg/kg
pku:001031,h*ng/mL/mg/m2
pku:001032,h*nmol/L/umol
pku:001033,h*nmol/mL
pku:001034,h*nmol/mL/mg
pku:001035,h*pg/mL
pku:001036,h*pg/mL/kg
pku:001037,h*pg/mL/mg
pku:001038,h*pg/mL/ug
pku:001039,h*pmol/L/ug
pku:001040,h*pmol/mL
pku:001041,h*pmol/mL/mg
pku:001042,h*ug/mL
pku:001043,h*ug/mL/mg
pku:001044,h*umol/mL
pku:001045,h2*mg/mL
pku:001046,h2*mmol/mL
pku:001047,h2*ng/mL
pku:001048,h2*pg/mL
pku:001049,h2*pmol/mL
pku:001050,h2*ug/mL
pku:001051,h2*umol/mL
pku:001052,IU/day
pku:001053,IU/h
pku:001054,IU/min
pku:001055,IU/s
pku:001056,L/day
pku:001057,L/g/day
pku:001058,L/g/h
pku:001059,L/g/min
pku:001060,L/g/s
pku:001061,L/h
pku:001062,L/kg/day
pku:001063,L/kg/h
pku:001064,L/kg/min
pku:001065,L/kg/s
pku:001066,L/mg/day
pku:001067,L/mg/h
pku:001068,L/mg/min
pku:001069,L/mg/s
pku:001070,L/mmol/day
pku:001071,L/mmol/h
pku:001072,L/mmol/min
pku:001073,L/mmol/s
pku:001074,L/mol
pku:001075,L/mol/day
pku:001076,L/mol/h
pku:001077,L/mol/min
pku:001078,L/mol/s
pku:001079,L/ng/day
pku:001080,L/ng/h
pku:001081,L/ng/min
pku:001082,L/ng/s
pku:001083,L/nmol/day
pku:001084,L/nmol/h
pku:001085,L/nmol/min
pku:001086,L/nmol/s
pku:001087,L/pg/day
pku:001088,L/pg/h
pku:001089,L/pg/min
pku:001090,L/pg/s
pku:001091,L/s
pku:001092,L/ug/day
pku:001093,L/ug/h
pku:001094,L/ug/min
pku:001095,L/ug/s
pku:001096,L/umol/day
pku:001097,L/umol/h
pku:001098,L/umol/min
pku:001099,L/umol/s
pku:001100,mg/L/mg
pku:001101,mg/min
pku:001102,mg/mL/h
pku:001103,mg/s
pku:001104,min*fg/mL
pku:001105,min*g/mL
pku:001106,min*kg/mL
pku:001107,min*mg/mL
pku:001108,min*mmol/mL
pku:001109,min*mol/mL
pku:001110,min*ng/mL
pku:001111,min*nmol/mL
pku:001112,min*pg/mL
pku:001113,min*pmol/mL
pku:001114,min*ug/mL
pku:001115,min*umol/mL
pku:001116,mL/day
pku:001117,mL/kg/day
pku:001118,mL/kg/h
pku:001119,mL/kg/min
pku:001120,mL/kg/s
pku:001121,mL/mol/day
pku:001122,mL/mol/h
pku:001123,mL/mol/min
pku:001124,mL/mol/s
pku:001125,mL/s
pku:001126,mmol/h
pku:001127,mmol/min
pku:001128,mmol/mL/h
pku:001129,mmol/s
pku:001130,mol/day
pku:001131,mol/h
pku:001132,mol/min
pku:001133,mol/s
pku:001134,ng/day
pku:001135,ng/h
pku:001136,ng/kg/min
pku:001137,ng/mg of Creatinine
pku:001138,ng/min
pku:001139,ng/mL*kg
pku:001140,ng/mL/h
pku:001141,ng/mL/kg
pku:001142,ng/mL/mg
pku:001143,ng/s
pku:001144,nmol/day
pku:001145,nmol/g
pku:001146,nmol/h
pku:001147,nmol/kg
pku:001148,nmol/L/umol
pku:001149,nmol/min
pku:001150,nmol/mL
pku:001151,nmol/mL/h
pku:001152,nmol/s
pku:001153,nU/mL
pku:001154,pg/day
pku:001155,pg/dL
pku:001156,pg/h
pku:001157,pg/mg Creatinine
pku:001158,pg/min
pku:001159,pg/mL/ug
pku:001160,pg/s
pku:001161,pmol/L/ug
pku:001162,s*fg/mL
pku:001163,s*g/mL
pku:001164,s*kg/mL
pku:001165,s*mg/mL
pku:001166,s*mmol/mL
pku:001167,s*mol/mL
pku:001168,s*ng/mL
pku:001169,s*nmol/mL
pku:001170,s*pg/mL
pku:001171,s*pmol/mL
pku:001172,s*ug/mL
pku:001173,s*umol/mL
pku:001174,ug/inh
pku:001175,ug/puff
pku:001176,ug/s
pku:001177,uIU/mL
pku:001178,umol/h
pku:001179,umol/min
pku:001180,umol/s
pku:001181,C
pku:001182,m2
pku:001183,m3
pku:001184,m/sec
pku:001185,kg/m3
pku:001186,F
pku:001187,cm2
pku:001188,ft2
pku:001189,AMPULE
pku:001190,BAG
pku:001191,BAR
pku:001192,BOLUS
pku:001193,BOTTLE
pku:001194,BOX
pku:001195,CAN
pku:001196,CAPSULE
pku:001197,CARTRIDGE
pku:001198,COAT
pku:001199,CONTAINER
pku:001200,CYLINDER
pku:001201,DISK
pku:001202,DRUM
pku:001203,HOMEOPATHIC DILUTION
pku:001204,IMPLANT
pku:001205,INHALATION
pku:001206,JAR
pku:001207,KALLIKREIN INHIBITOR UNIT
pku:001208,KIT
pku:001209,LOZENGE
pku:001210,um
pku:001211,mEq
pku:001212,PACKAGE
pku:001213,PACKET
pku:001214,ppm
pku:001215,PATCH
pku:001216,PELLET
pku:001217,%(w/v)
pku:001218,%(w/w)
pku:001219,POUCH
pku:001220,PRESSOR UNITS
pku:001221,SCOOPFUL
pku:001222,SPRAY
pku:001223,STRIP
pku:001224,SUPPOSITORY
pku:001225,SYRINGE
pku:001226,Tbsp
pku:001227,TABLET
pku:001228,TAMPON
pku:001229,tsp
pku:001230,TRACE
pku:001231,TROCHE
pku:001232,TUBE
pku:001233,VIAL
pku:001234,WAFER
pku:001235,mol/L
pku:001236,% (v/v)
pku:001237,IU
pku:001238,QUANTITY SUFFICIENT
pku:001239,mmHg
pku:001240,kg/m2
pku:001241,BEATS/MIN
pku:001242,BREATHS/MIN
pku:001243,CUP
pku:001244,RING
pku:001245,mmol/L
pku:001246,dram
pku:001247,kg/L
pku:001248,g/m3
pku:001249,mL/min
pku:001250,g/dL
pku:001251,PUFF
pku:001252,mm2
pku:001253,tuberculin unit
pku:001254,mL/h
pku:001255,per sec
pku:001256,per min
pku:001257,mg/h
pku:001258,mg/dL
pku:001259,PFU
pku:001260,eq
pku:001261,HPF
pku:001262,g/m2
pku:001263,ug/L
pku:001264,LPF
pku:001265,ng/dL
pku:001266,ug/m3
pku:001267,psi
pku:001268,million IU
pku:001269,IU/L
pku:001270,IU/mL
pku:001271,IU/kg
pku:001272,IU/mg
pku:001273,L/min
pku:001274,ug/h
pku:001275,ug/kg
pku:001276,ukat/L
pku:001277,mg/day
pku:001278,mg/kg
pku:001279,mg/m2
pku:001280,umol/day
pku:001281,mm/h
pku:001282,mmol/day
pku:001283,nmol/L
pku:001284,pmol/L
pku:001285,RNA copies/mL
pku:001286,mEq/day
pku:001287,mEq/L
pku:001288,mEq/kg
pku:001289,deg
pku:001290,mmol/g
pku:001291,ft3
pku:001292,in2
pku:001293,ELISA unit
pku:001294,ELISA unit/dose
pku:001295,ELISA unit/mL
pku:001296,Log10 ELISA unit
pku:001297,Log10 ELISA unit/dose
pku:001298,mol/mL
pku:001299,mmol/kg
pku:001300,mol/g
pku:001301,mol/mg
pku:001302,thousand CFU
pku:001303,million CFU
pku:001304,billion CFU
pku:001305,CFU/g
pku:001306,thousand CFU/g
pku:001307,million CFU/g
pku:001308,billion CFU/g
pku:001309,CFU/mL
pku:001310,thousand CFU/mL
pku:001311,million CFU/mL
pku:001312,billion CFU/mL
pku:001313,kg/cm2
pku:001314,g/kg
pku:001315,ppth
pku:001316,uL/mL
pku:001317,gtt
pku:001318,mol/mol
pku:001319,rpm
pku:001320,log10 EID 50
pku:001321,log EID 50/dose
pku:001322,log10 CCID 50
pku:001323,log10 CCID 50/dose
pku:001324,log10 TCID 50
pku:001325,log10 TCID 50/dose
pku:001326,kIU
pku:001327,IU/g
pku:001328,anti-Xa IU
pku:001329,anti-Xa IU/mL
pku:001330,AgU/mL
pku:001331,DAgU
pku:001332,DAgU/mL
pku:001333,AU/mL
pku:001334,BAU
pku:001335,tuberculin unit/mL
pku:001336,nkat/L
pku:001337,Bq/kg
pku:001338,Bq/g
pku:001339,Bq/ug
pku:001340,Bq/mg
pku:001341,GBq/g
pku:001342,GBq/ug
pku:001343,GBq/mg
pku:001344,Ci/g
pku:001345,Ci/kg
pku:001346,Ci/ug
pku:001347,Ci/mg
pku:001348,EID 50
pku:001349,EID 50/dose
pku:001350,CCID 50
pku:001351,CCID 50/dose
pku:001352,TCID 50/dose
pku:001353,ppb
pku:001354,pptr
pku:001355,mCi/kg
pku:001356,uCi/kg
pku:001357,mEq/uL
pku:001358,mEq/g
pku:001359,mEq/ug
pku:001360,Bq/L
pku:001361,Bq/uL
pku:001362,Bq/mL
pku:001363,kBq/uL
pku:001364,MBq/uL
pku:001365,Ci/L
pku:001366,Ci/uL
pku:001367,Ci/mL
pku:001368,uCi/L
pku:001369,mCi/L
pku:001370,cycle/min
pku:001371,100 IU/mL
pku:001372,thousand organisms
pku:001373,million organisms
pku:001374,billion organisms
pku:001375,thousand organisms/g
pku:001376,million organisms/g
pku:001377,billion organisms/g
pku:001378,million organisms/mg
pku:001379,billion organisms/mg
pku:001380,thousand organisms/mL
pku:001381,million organisms/mL
pku:001382,billion organisms/mL
pku:001383,PFU/dose
pku:001384,PFU/mL
pku:001385,g/cm2
pku:001386,kUSP
pku:001387,km/h
pku:001388,NEBULE
pku:001389,ug/day
pku:001390,mg/kg/min
pku:001391,IU/kg/h
pku:001392,ug/kg/min
pku:001393,ug/min
pku:001394,ft
pku:001395,FINGERTIP UNIT
pku:001396,SACHET
pku:001397,mg/kg/h
pku:001398,cycle/sec
pku:001399,Pack Year
pku:001400,U/L
pku:001401,U/mL
pku:001402,U/g
pku:001403,U/mg
pku:001404,U/kg
pku:001405,nL
pku:001406,uL
pku:001407,mL
pku:001408,kBq
pku:001409,MBq
pku:001410,GBq
pku:001411,mkat
pku:001412,nkat
pku:001413,pkat
pku:001414,ukat
pku:001415,mV
pku:001416,uV
pku:001417,umol
pku:001418,mmol
pku:001419,nmol
pku:001420,pmol
pku:001421,dmol
pku:001422,cmol
pku:001423,fmol
pku:001424,amol
pku:001425,uCi
pku:001426,mCi
pku:001427,nCi
pku:001428,msec
pku:001429,kg
pku:001430,pg
pku:001431,fg
pku:001432,ag
pku:001433,cg
pku:001434,mg
pku:001435,ng
pku:001436,ug
pku:001437,mm
pku:001438,km
pku:001439,pm
pku:001440,nm
pku:001441,cm
pku:001442,L
pku:001443,g
pku:001444,bel
pku:001445,Mile
pku:001446,Roentgen
pku:001447,dyn
pku:001448,Gauss
pku:001449,osm
pku:001450,kcal
pku:001451,atm
pku:001452,yd
pku:001453,LB
pku:001454,oz
pku:001455,IN
pku:001456,grain
pku:001457,Ci
pku:001458,min
pku:001459,PH
pku:001460,kat
pku:001461,Bq
pku:001462,lx
pku:001463,lm
pku:001464,Henry
pku:001465,Tesla
pku:001466,Weber
pku:001467,Siemens
pku:001468,ohm
pku:001469,Sv
pku:001470,Farad
pku:001471,V
pku:001472,Coulomb
pku:001473,Watt
pku:001474,Joule
pku:001475,Pa
pku:001476,Newton
pku:001477,Hz
pku:001478,mol
pku:001479,cd
pku:001480,amp
pku:001481,sec
pku:001482,m
pku:001483,YEARS
pku:001484,MONTHS
pku:001485,WEEKS
pku:001486,%
pku:001487,HOURS
pku:001488,DAYS
pku:001489,Rad
pku:001490,Gy
,h
,h*mg/L
,h*ng/L
,h*ug/L
,L/kg
,L/70kg/h
,L/70kg/h
,mg/L*h
,ng/L*h
,ug/L*h
,g/L*h
,1/h
,mm
,day
,mg/dL
,ug/h/L
,dL/mg/day
,week
,1/mo
,L/h/70kg
,L/70kg
,1/h
,mg/L
,y
